date,epochs,best_epoch,hidden_dim,lstm_layer,batch_size,sequence_length,learning_rate,dropout,model_name,midi_method,train_loss,validation_loss,train_perplexities,validation_perplexities
28/07/2024 12:21,15,15,40,2,16,3,0.0001,0.1,naive,graph,"[6.043801974682872, 5.650656188618942, 5.386614395100125, 5.23009841705496, 5.123108165816094, 5.040746012569415, 4.973382150592505, 4.91692396107301, 4.867763921974598, 4.824582330091561, 4.787348696727951, 4.752340353358182, 4.7205998260970725, 4.690177430592019, 4.6637818951498655]","[5.919056741921407, 5.658819971444472, 5.475203821344196, 5.3752193169773745, 5.304722949019018, 5.253436954066438, 5.216001508145962, 5.186514790328044, 5.165213893494516, 5.149259713685738, 5.133077766085571, 5.122972610086765, 5.114777585695375, 5.109602931760392, 5.1029594430383645]","[421.4924962038599, 284.4780758672543, 218.46250437092027, 186.81118802243776, 167.85628482282863, 154.58529459335466, 144.51483268050526, 136.58183531155336, 130.02983472045042, 124.53444322977978, 119.98283570118043, 115.85510938495192, 112.23555429564088, 108.87249540509067, 106.0363431388836]","[372.06059914044476, 286.80999880210277, 238.69911394710402, 215.98723678443068, 201.28522841794245, 191.22236280715325, 184.1962026317628, 178.84415610430287, 175.07490194978752, 172.3038888810506, 169.53811454009073, 167.83353248385674, 166.46375294583194, 165.6045854958944, 164.50803977748004]"
28/07/2024 12:49,15,15,40,2,16,3,0.0001,0.3,naive,graph,"[6.054627964124641, 5.701640597807223, 5.4976719481503125, 5.339193055734645, 5.228429105419027, 5.142606751932733, 5.075040688501503, 5.01985516686576, 4.97488085726418, 4.938116250789915, 4.903813402546847, 4.873690645442105, 4.845683390696314, 4.820934504823864, 4.797182963437112]","[5.926144596765626, 5.735817169243434, 5.5655402707603745, 5.448710512665083, 5.369188415554334, 5.312443531009386, 5.2704043606542195, 5.238443394651953, 5.212997947773843, 5.195508448132929, 5.179922336452412, 5.165002427685936, 5.154111177516433, 5.146323060764456, 5.135326906645073]","[426.080358784658, 299.35812459972726, 244.1229393382128, 208.34452002248705, 186.49960207193118, 171.16136250476842, 159.97870114058347, 151.38937600833822, 144.73158040445946, 139.50720529529846, 134.8028583387568, 130.80277382901744, 127.19017288095266, 124.08099090132507, 121.16859991220716]","[374.70707851181413, 309.7659986085634, 261.26632013923734, 232.45822063000583, 214.68855908560494, 202.84528203912006, 194.49459250753824, 188.37664597242568, 183.64378823713028, 180.45987396074807, 177.66901205176163, 175.03788350828987, 173.141845981566, 171.79863440404438, 169.9198587271262]"
28/07/2024 13:17,15,3,40,2,16,3,0.001,0.1,naive,graph,"[5.298389777609942, 4.769572736813675, 4.595590954720026, 4.49045818496917, 4.418548209420937, 4.36378046253031, 4.319670738128653, 4.28528079985105, 4.256465796654451, 4.231405635676833, 4.210498318010409, 4.192343884461329, 4.177197185023918, 4.16234240633168, 4.149720132430403]","[5.2020642138877005, 5.120810890197754, 5.1188708271620404, 5.12050430234873, 5.127027755863262, 5.144697684611915, 5.150878119468689, 5.167797509454331, 5.175940941414743, 5.186029139329802, 5.186771572760816, 5.191195017211842, 5.2074353065130845, 5.207402020355441, 5.210327402375779]","[200.01448273672992, 117.86887017139343, 99.04665034169034, 89.16228934180687, 82.97573448259196, 78.55354251432207, 75.163875618847, 72.62293636663004, 70.56016828269006, 68.81389148497627, 67.3901131514284, 66.17772225383118, 65.18290133160424, 64.2217800534568, 63.41624966265953]","[181.64681301875945, 167.471115262034, 167.14652570567313, 167.41977852304453, 168.51550373614543, 171.51962381065252, 172.58297226540674, 175.52781308290952, 176.96304782262, 178.75732134876074, 178.89008603854217, 179.68314913911286, 182.62507970527798, 182.61900091925554, 183.15401343757094]"
28/07/2024 13:59,15,5,40,2,16,3,0.001,0.3,naive,graph,"[5.377969964563767, 4.903252983499226, 4.7507062344712985, 4.66340265940221, 4.604059308843743, 4.559993578355879, 4.526623709456886, 4.500881151732866, 4.4788443867103025, 4.462071069094668, 4.444719862138226, 4.433801763766191, 4.420262727728622, 4.41050554170451, 4.402253614619935]","[5.245958064412171, 5.143950699185425, 5.12579051413626, 5.12242047674251, 5.102165627929399, 5.121611854940091, 5.114492998258123, 5.116228072148449, 5.11355176399339, 5.122715785368434, 5.1191305970245935, 5.12362337202396, 5.124756461269451, 5.124015734780509, 5.11959082742907]","[216.58215939209902, 134.72733341404992, 115.66594296486886, 105.99613799111113, 99.88897396512506, 95.58286602894579, 92.44590932811934, 90.09648500794893, 88.13276640875438, 86.66681631822418, 85.17601346853449, 84.25111164679969, 83.11811992480035, 82.31106466368526, 81.63463452433608]","[189.7975664448592, 171.3915489922758, 168.3071382490938, 167.74089157171014, 164.37750262799398, 167.6053074551522, 166.41638619329672, 166.70538156156096, 166.25982308123994, 167.79043421873683, 167.18995097572594, 167.942787704296, 168.1331897217693, 168.00869512838594, 167.26691458362558]"
28/07/2024 15:05,15,15,40,2,16,5,0.0001,0.1,naive,graph,"[6.0341045847118355, 5.5822107848045475, 5.305110607283146, 5.141927044466985, 5.023920399274394, 4.93164768624813, 4.854848734531194, 4.789687222031812, 4.732634759397453, 4.682511493111169, 4.63792043351802, 4.597248145603636, 4.55978879707457, 4.525220104471462, 4.49314472845728]","[5.906737155334125, 5.595500846099491, 5.4258954305159275, 5.3230634023481445, 5.252979613075691, 5.210227632023989, 5.176368145661662, 5.1519288051264365, 5.130820349142125, 5.115863158222387, 5.10751365776751, 5.09836629021757, 5.090382623808465, 5.083251135430862, 5.080885972133608]","[417.4248736357935, 265.6582703199874, 201.36327342660456, 171.045062378336, 152.00606164193752, 138.60770630386787, 128.3612731179586, 120.26374692948622, 113.59446248831104, 108.04107653610028, 103.32924396730303, 99.21092562784649, 95.56329445118396, 92.31624281047769, 89.40214976308317]","[367.5050850155331, 269.2124503380463, 227.2147102377734, 205.01095205054017, 191.13492897735526, 183.135741008757, 177.03866333868237, 172.76439801316275, 169.15582798018897, 166.6445595443551, 165.2589533281909, 163.75416187412497, 162.45200816949784, 161.2976047611257, 160.91656038013207]"
28/07/2024 16:08,15,15,40,2,16,5,0.0001,0.3,naive,graph,"[6.035516996468377, 5.629681746099291, 5.370538614131625, 5.211940247518567, 5.100337046725866, 5.016724318887694, 4.9501469652654215, 4.893826937828151, 4.844199800264784, 4.799727994089062, 4.7594612275143096, 4.722963041767703, 4.691485974001161, 4.661611051998757, 4.636240275604029]","[5.932795102605349, 5.638368789460722, 5.467942080343631, 5.3628224898200525, 5.295032544054459, 5.245961680838364, 5.209376661269837, 5.182650704120955, 5.160667497622196, 5.146548238997224, 5.129173211498405, 5.118464735071015, 5.110790697567364, 5.100706549198455, 5.095609043487578]","[418.01486599277837, 278.5734464378488, 214.97862705325457, 183.4496508431165, 164.0771996642593, 150.91614008798706, 141.1957132621993, 133.46335393901273, 127.0016146636507, 121.47737046163039, 116.68304334751447, 112.50110476928765, 109.0150530424766, 105.80640454022793, 103.15578028430092]","[377.20737502842616, 281.00396778369316, 236.97202124404402, 213.32620857432474, 199.3441133266879, 189.79825283499102, 182.97996413929908, 178.15442032495042, 174.28074877348703, 171.8373240728035, 168.87743438749297, 167.07866260380877, 165.80140182273692, 164.13783779751085, 163.3032731381746]"
28/07/2024 16:58,15,3,40,2,16,5,0.001,0.1,naive,graph,"[5.2128622844873735, 4.635847544084031, 4.4383035248356695, 4.320717667553253, 4.241077814435102, 4.182629283093589, 4.137158707384481, 4.102179949871151, 4.0733165958404935, 4.048652247908785, 4.028116159561226, 4.011201670115163, 3.996285241390402, 3.9816946860951496, 3.969569963552912]","[5.160639510861821, 5.107415011400506, 5.105819394833235, 5.123055699433664, 5.15031112305565, 5.161157747638542, 5.169549230613636, 5.1900456645189585, 5.197509930387649, 5.216946272115743, 5.2202043725963785, 5.225159588422159, 5.239794160023388, 5.261854231584208, 5.250141820980115]","[183.61887620714046, 103.11527571214498, 84.63124501409159, 75.24260809838279, 69.48270095285834, 65.53794468622188, 62.62463351828553, 60.471969877772, 58.75149478446891, 57.3201516086665, 56.155024435641685, 55.21317874206386, 54.395707330925475, 53.607805694096946, 52.96175045883133]","[174.27587128818598, 165.24265193687995, 164.97919826524716, 167.84747824182247, 172.48514607535097, 174.3662108606052, 175.8355583303704, 179.47674846409132, 180.82142289235986, 184.37030679810132, 184.97198341248435, 185.89083418382407, 188.63127055291037, 192.8387276548998, 190.5932966701381]"
28/07/2024 17:34,15,7,40,2,16,5,0.001,0.3,naive,graph,"[5.296343124545672, 4.776199655625427, 4.603784243003122, 4.503309417795332, 4.4351712451003795, 4.386972997780059, 4.349613384332718, 4.321519527571232, 4.299152859452588, 4.279371417521741, 4.263565446074111, 4.25147664578979, 4.237713104509859, 4.228312360331727, 4.219203925260801]","[5.2173123346082155, 5.125131597310418, 5.106936164681902, 5.104682554990166, 5.101005725080976, 5.099471576313555, 5.097867570902459, 5.1035633483767056, 5.108753307690638, 5.131365574358081, 5.112786669241611, 5.117179550598783, 5.122435719114746, 5.131316022727879, 5.127370347088281]","[199.60554110630636, 118.6525714989002, 99.86150169904676, 90.31552908585918, 84.36657101326313, 80.39668932441373, 77.44851432728868, 75.30296633365911, 73.63738605377279, 72.19504520119959, 71.06290324980262, 70.20900967812838, 69.2493046948776, 68.60136004963414, 67.97934610303756]","[184.43781020662487, 168.19627437283998, 165.16354497679228, 164.79174990894995, 164.18695122639943, 163.93525713500472, 163.67251487182924, 164.60741706511868, 165.46394360882206, 169.24808115012155, 166.13266721251557, 166.8640736237379, 167.7434483603043, 169.23969483957146, 168.5732455593613]"
28/07/2024 17:50,15,15,40,2,64,3,0.0001,0.1,naive,graph,"[6.4840171736121865, 5.9051598673281465, 5.8266095391446395, 5.733504910856314, 5.605588823776934, 5.483494782467374, 5.386564642215381, 5.307065284281505, 5.239446162003978, 5.179514853459485, 5.128375713310836, 5.081309043549435, 5.040283895888418, 5.001951584765127, 4.967893747152902]","[6.074409162773276, 6.026069723885015, 5.941100791715226, 5.8349771283707526, 5.716320910543765, 5.6179768994169414, 5.541847191216811, 5.4813626514290865, 5.430612448026549, 5.387389717461928, 5.35374054099029, 5.3231471700488395, 5.299367249686763, 5.2772265731163746, 5.257912489153304]","[654.5952944543395, 366.9258805590037, 339.20666033435, 309.0505670303265, 271.94200421861774, 240.6863858342063, 218.45163550150053, 201.75725851683887, 188.56563866490504, 177.59662969927066, 168.74280862868218, 160.98465398037445, 154.51387465353, 148.70308277611878, 143.7238495784731]","[434.5926531277812, 414.0843611187156, 380.3533890370219, 342.05691056196656, 303.7852114920322, 275.33179548093625, 255.148873185286, 240.17375760994992, 228.28901777640434, 218.63194891435822, 211.39756205500566, 205.02812606591462, 200.2100868917905, 195.8260123910531, 192.0801031931457]"
28/07/2024 18:07,15,15,40,2,64,3,0.0001,0.3,naive,graph,"[6.471328136664712, 5.903259379048148, 5.821186228792036, 5.749123168245899, 5.638969048405397, 5.537109525405158, 5.444140036444472, 5.366156487507934, 5.30561798727835, 5.25624903486438, 5.213765696485674, 5.17595081391933, 5.141532037569129, 5.108966243961388, 5.078916210146396]","[6.077762837679881, 5.993316391279112, 5.937887753180738, 5.855465894375207, 5.756532417153412, 5.668536742228382, 5.5893822175151895, 5.52956481159858, 5.48371237358957, 5.446273889181749, 5.415851197152768, 5.389838937543473, 5.364916955300097, 5.344766812054616, 5.3247092363969335]","[646.3415871209806, 366.2292044454586, 337.37201675918817, 313.91528868283945, 281.17269356335754, 253.94292204433793, 231.39820010488503, 214.0386245972553, 201.46546704661688, 191.76085232490124, 183.78483465616017, 176.96479489974539, 170.97751174121453, 165.49918063540497, 160.59990502660585]","[436.052582298749, 400.741423957387, 379.1332601515642, 349.13752337671326, 316.2498030116309, 289.61044945370736, 267.5702684180543, 252.03420479111801, 240.73876275316687, 231.89249697839014, 224.94393584940315, 219.16808296123568, 213.773481189191, 209.50902392340376, 205.34864387192098]"
28/07/2024 18:28,15,5,40,2,64,3,0.001,0.1,naive,graph,"[5.726411500458251, 5.094842019875192, 4.848757361074859, 4.696461855338381, 4.587940039939817, 4.506580914211039, 4.440280445292897, 4.387268631648, 4.342276557240944, 4.303589912102397, 4.269798902041409, 4.240250463364455, 4.21257050747359, 4.18879740955988, 4.1667506593089305]","[5.476062219547775, 5.245709941072284, 5.165347203668558, 5.13368885562105, 5.122234768237708, 5.122310896639554, 5.125202730466735, 5.126867135065907, 5.130963811334574, 5.130880885753991, 5.145891268748158, 5.1594252514389325, 5.166411647256815, 5.180700108690082, 5.186747247767898]","[306.8661013399902, 163.17806369713531, 127.5817532497115, 109.55885082499712, 98.29174440361939, 90.61147985252671, 84.79871974124376, 80.4204608223052, 76.8823673699149, 73.9648449516376, 71.50725421038558, 69.42523814007117, 67.52990301934788, 65.94344030590341, 64.50551082562137]","[238.90410080530063, 189.7504790807491, 175.09824277118673, 169.64174916954474, 167.70974355385755, 167.72251151460446, 168.20823913025734, 168.48843881522143, 169.18009718695174, 169.1660684108497, 171.7244691384348, 174.06438359573912, 175.28472420489527, 177.80725182939148, 178.8857345913909]"
28/07/2024 18:59,15,8,40,2,64,3,0.001,0.3,naive,graph,"[5.770113116703237, 5.194743184401815, 4.973823686815658, 4.8441098252704045, 4.75184264136104, 4.68054041283555, 4.625252177619465, 4.580775843671935, 4.541936865979477, 4.5098267351632435, 4.481273070136673, 4.45643915995112, 4.435380996593792, 4.414871413752718, 4.397096454852717]","[5.528570696093001, 5.2985507650195425, 5.219019495766118, 5.171662367514844, 5.15453027689232, 5.144341398635, 5.147215565195624, 5.132186534269801, 5.138036585753818, 5.136475858148539, 5.137580298477749, 5.140790838565467, 5.140477493574035, 5.15445505628046, 5.144813459324387]","[320.5739928697162, 180.3218273920375, 144.57865530287958, 126.99018820814051, 115.79746125435392, 107.82832864165253, 102.02849914282643, 97.59007948889915, 93.8724424944985, 90.90606632117739, 88.3470731341068, 86.18008857269778, 84.3842688835397, 82.67120984198671, 81.21471539726012]","[251.78377817731283, 200.04668514220964, 184.752944187969, 176.20751579733746, 173.2144248289693, 171.45852465895499, 171.9520338911968, 169.38708408999491, 170.38091138876152, 170.1152006019608, 170.30318648060154, 170.85083033372948, 170.79730346838792, 173.20139602397413, 171.53948259533286]"
28/07/2024 19:32,15,15,40,2,64,5,0.0001,0.1,naive,graph,"[6.450841687228846, 5.912256238284263, 5.8612842156049, 5.720505791821297, 5.556804455690569, 5.4032652631174285, 5.290557414231739, 5.205913728645448, 5.134786844942895, 5.071371513770071, 5.015924466143754, 4.965074991598843, 4.917622532937114, 4.874635375368354, 4.834719867659029]","[6.058935299572383, 6.052074695268058, 5.947746285920814, 5.806075364464589, 5.6589092501216065, 5.545459774510489, 5.467591608431856, 5.409799889466608, 5.361804645777656, 5.321849723279249, 5.287902099551356, 5.260332730333161, 5.234506111181281, 5.216149068150684, 5.198093514025438]","[633.2350544296473, 369.5389835288783, 351.1748387713545, 305.05918038099645, 258.9938861158397, 222.13054800602544, 198.45401567690735, 182.34741272545978, 169.82811629450526, 159.39278690099155, 150.79547766175216, 143.31929761363182, 136.67728087275995, 130.92640551397113, 125.80333668705018]","[427.91958806274846, 424.9938487405634, 382.88944261139136, 332.3123581690658, 286.8356059624545, 256.0722866917889, 236.8889837587244, 223.58684112153028, 213.10918623002672, 204.762285480372, 197.92775681634612, 192.54554638391653, 187.636411929879, 184.2233846297314, 180.9269781132758]"
28/07/2024 20:05,15,15,40,2,64,5,0.0001,0.3,naive,graph,"[6.408650295048004, 5.9128901356756565, 5.861003789661444, 5.734258917036848, 5.577359870956339, 5.437563831379767, 5.340692572729591, 5.267975027036293, 5.209050439104272, 5.15690537456243, 5.109805726552, 5.0664332428041545, 5.026769669377966, 4.989672453627021, 4.957607072328349]","[6.060529772319721, 6.05541995994945, 5.956276231845522, 5.816958509017306, 5.6788264590071185, 5.576219745461931, 5.507740015312746, 5.45458989995514, 5.412361097879736, 5.373665220383908, 5.338588806159596, 5.307981365987104, 5.283632389039594, 5.262015163218567, 5.245125992669806]","[607.0737574018417, 369.7733075874138, 351.0763740425516, 309.28368094158554, 264.37270554052026, 229.88147071722778, 208.65717052485118, 194.02267371164476, 182.92028175453018, 173.62631495181986, 165.63817264883403, 158.60760245170533, 152.43978557382525, 146.88830288441633, 142.25298718490583]","[428.60243843244916, 426.41794631616006, 386.16943805622174, 335.94871319676736, 292.6058434035597, 264.0714592408334, 246.59319999580188, 233.82895813764375, 224.1602275877549, 215.65183244838605, 208.21866596226005, 201.94216933411485, 197.0844641813437, 192.86976400380723, 189.63970693737627]"
28/07/2024 20:37,15,5,40,2,64,5,0.001,0.1,naive,graph,"[5.74580609704876, 5.011330660883428, 4.710538719764971, 4.537484901102059, 4.4178253911044765, 4.327375983660106, 4.255560771338657, 4.195867397626635, 4.14714325542836, 4.105327361381433, 4.068786025293501, 4.038707154981856, 4.011636475204979, 3.987304875103219, 3.9656912403035784]","[5.448926346383621, 5.201184476736381, 5.133350439398008, 5.115964449857124, 5.103173946699715, 5.115036940846607, 5.118574332828304, 5.134369099548108, 5.136902807329998, 5.153503145101859, 5.164219768328358, 5.177715431148108, 5.187176752453068, 5.195301695921575, 5.198762058758463]","[312.87573441135504, 150.1043412916058, 111.11200201679982, 93.45545457406807, 82.91577977267778, 75.74526874751032, 70.49633843227954, 66.41131161536742, 63.25304415791496, 60.66259988999385, 58.48591905167178, 56.752922621959385, 55.237190933138955, 53.9094008281628, 52.75672436278674]","[232.50839836699802, 181.48708183995592, 169.5843493625813, 166.6614400991264, 164.54333113926174, 166.5069317767359, 167.09697505400442, 169.75718619741005, 170.18784665459432, 173.0366021259703, 174.9009420670721, 177.2773457108821, 178.9625833547785, 180.42256733949213, 181.04797633341025]"
28/07/2024 21:08,15,8,40,2,64,5,0.001,0.3,naive,graph,"[5.761394463113299, 5.1156259624980684, 4.864459373989365, 4.713798103624018, 4.608652102656721, 4.529763300721186, 4.468976938049934, 4.41853373703608, 4.378341499117473, 4.346047299699023, 4.316842499866509, 4.294154500035598, 4.272245948938041, 4.253702572976593, 4.237058816001416]","[5.4816419044828235, 5.265043691990494, 5.177887206748411, 5.147448709255842, 5.120100605170537, 5.123498411686248, 5.116384019416548, 5.111519851612048, 5.1198955398095425, 5.12299598124544, 5.122385030463621, 5.130476681451833, 5.130539539649006, 5.130044638883931, 5.136714012450592]","[317.7911681463187, 166.60503685484198, 129.60085407604052, 111.47474952827193, 100.34879855822457, 92.73660779586577, 87.26739737466572, 82.97453363451835, 79.70573169779817, 77.17281824040109, 74.95159460203958, 73.27023826444254, 71.68245008372352, 70.36546388476616, 69.20401048995281]","[240.2408362307089, 193.45476102635254, 177.30780024896012, 171.99212816022975, 167.35220527136417, 167.9218028279941, 166.7313808375982, 165.92234067165748, 167.31789064946742, 167.83745499381203, 167.73494588666324, 169.09770457562783, 169.10833408655594, 169.0246629487988, 170.15571909346383]"
28/07/2024 23:04,15,15,40,2,16,3,0.0001,0.1,merge,graph,"[6.056012762181025, 5.665049046733487, 5.40213912987736, 5.252760658436328, 5.146069157342444, 5.059087242049576, 4.987806386856657, 4.929994022067308, 4.881768349978065, 4.840477955330334, 4.803583393024535, 4.771195646358986, 4.741536457558903, 4.71409006018017, 4.689347975559022]","[5.939541663988582, 5.67001770734787, 5.4945354137780535, 5.394882869720459, 5.3188666467396715, 5.265482075259371, 5.224101994172582, 5.194582700279524, 5.169683298974667, 5.150264229639522, 5.1318535075997405, 5.1199906452646795, 5.109156461481778, 5.099378992026707, 5.091171823357636]","[426.6708027658488, 288.6021357615293, 221.8805402097471, 191.09308367918953, 171.75501968007026, 157.44673995317584, 146.61445509204748, 138.37868511902244, 131.86363889739314, 126.52981287861118, 121.94661817371181, 118.06031599349596, 114.61016011604615, 111.50730006368195, 108.7822280073709]","[379.7608315786688, 290.03967017959985, 243.35843891560134, 220.27634455558112, 204.15237406886376, 193.53958694864514, 185.69434102987194, 180.29289092382257, 175.8591338958202, 172.47705784726384, 169.33068306547315, 167.33380425033334, 165.5306644734659, 163.92008000872607, 162.5802658248921]"
28/07/2024 23:35,15,15,40,2,16,3,0.0001,0.3,merge,graph,"[6.060518056946004, 5.703921079317696, 5.447959935020723, 5.298721801245417, 5.201932156045616, 5.128290327014232, 5.071382247162961, 5.022649239559567, 4.9819169049874885, 4.945808269094964, 4.913780547910036, 4.884481091171133, 4.856665573849875, 4.832469012874471, 4.809517539333767]","[5.939659845604087, 5.706244377370151, 5.5207666460073215, 5.4180955128849675, 5.351578691320599, 5.299776159367472, 5.262208202649962, 5.235694922816078, 5.210948739636619, 5.189419517427121, 5.172547952409061, 5.158257927084869, 5.146124616209066, 5.1316494811255975, 5.119049279869728]","[428.59741722411985, 300.0415842802694, 232.28380814959579, 200.08090329842383, 181.62282671643516, 168.728400920294, 159.3944977355787, 151.81296041721944, 145.75350966682203, 140.5844349960258, 136.15317625184377, 132.2218364514644, 128.59469690850642, 125.52049008748233, 122.67241862102766]","[379.80571497939457, 300.73948070546567, 249.82649227400356, 225.44934800357254, 210.9410459427044, 200.2919714750545, 192.9069990671858, 187.85960892279738, 183.26784921213388, 179.36440479548915, 176.36363162828292, 173.8613125495412, 171.7645452829356, 169.29613864735083, 167.17635611734553]"
29/07/2024 0:05,15,8,40,2,16,3,0.001,0.1,merge,graph,"[5.331203753232393, 4.800279827506277, 4.630112386309852, 4.532848577986547, 4.469602599023171, 4.423639468993147, 4.386356204262097, 4.356973817818274, 4.3334755266565015, 4.312688976841128, 4.29456868708739, 4.279756522053926, 4.266711216949171, 4.255357125243452, 4.245004935342356]","[5.197265170655161, 5.09756094824593, 5.068176551360004, 5.059326286135979, 5.062881733786385, 5.055709867432433, 5.053740630284795, 5.051039572256916, 5.051440375256089, 5.05933462808717, 5.066622104959668, 5.073090248062925, 5.065856866341717, 5.071092456916593, 5.0822007800048254]","[206.68662416158645, 121.54442423364098, 102.52558593530235, 93.02316777474695, 87.32201426348522, 83.39926271627134, 80.34711645725604, 78.0206720468708, 76.2086921697715, 74.64092705710136, 73.30059213406933, 72.22285319445633, 71.28680284491556, 70.48198358993498, 69.75610441331034]","[180.7771705050868, 163.62233686376877, 158.88434559634, 157.48438116406035, 158.04530521419747, 156.9158802906919, 156.60717976220235, 156.18474544870892, 156.2473573097825, 157.48569489656077, 158.63756025424377, 159.66697631174605, 158.5162111033296, 159.3483134570101, 161.12827389112508]"
29/07/2024 0:39,15,8,40,2,16,3,0.001,0.3,merge,graph,"[5.391812745088528, 4.899099786632036, 4.750732752442641, 4.666628810146158, 4.609889466697246, 4.567867475823263, 4.5349774134197, 4.510308295570895, 4.492013975588135, 4.472917012696829, 4.45793838202128, 4.446670693120586, 4.436768360511622, 4.427669506853624, 4.417604534084803]","[5.239652473971529, 5.129597893076123, 5.093324595577312, 5.088890152607324, 5.0777530739892205, 5.082290159531359, 5.072684926356909, 5.05388591626905, 5.062530212357359, 5.065759778247689, 5.07003049085725, 5.0591734366596866, 5.0564011663760775, 5.059939865571148, 5.064225933686743]","[219.60110578829625, 134.16894462690962, 115.66901023169837, 106.33864971069313, 100.47304340527114, 96.33844649353077, 93.22140972778854, 90.94985362580296, 89.30111515908023, 87.61191570283007, 86.30938856397596, 85.34233965895602, 84.5014218215096, 83.73604306552305, 82.89746926275004]","[188.6045460262196, 168.94916875382333, 162.93064110840004, 162.2097340642713, 160.41321406478207, 161.14267610357854, 159.60227293424043, 156.62993424336904, 157.98975866613063, 158.50082181359164, 159.17918077898233, 157.46031159843224, 157.02439357621628, 157.58103999260507, 158.25789254564333]"
29/07/2024 1:17,15,15,40,2,16,5,0.0001,0.1,merge,graph,"[6.050346175246779, 5.640786560181128, 5.337183656832375, 5.150174310916072, 5.0208105367216485, 4.92211951184583, 4.845806401565385, 4.783797785507404, 4.730434687195226, 4.6834455112168865, 4.6423846951350525, 4.605314957950263, 4.571311029514185, 4.541356813535787, 4.512880787945956]","[5.957028524050695, 5.628148387140194, 5.4202969314480915, 5.3086600967686435, 5.235340798762361, 5.1828677717723775, 5.150513404449129, 5.123242978813984, 5.102276572256487, 5.08822981712936, 5.07281649022048, 5.062068463958261, 5.054522393320903, 5.045064750279764, 5.039172616748302]","[424.25987289281534, 281.68419293218074, 207.92629310573582, 172.461549627648, 151.5340779656162, 137.29329979606194, 127.20581961699564, 119.55754283908944, 113.34482118420564, 108.1420359993899, 103.79156393588654, 100.01447824421379, 96.67076495637825, 93.81800734398169, 91.18412262918685]","[386.4600596168083, 278.1466206701732, 225.94620307564452, 202.0792802259606, 187.7930950943243, 178.1930960840371, 172.52004014014457, 167.8789155572245, 164.3957403910809, 162.1026565794194, 159.62327220724475, 157.91682398802396, 156.72965733451124, 155.25435163561048, 154.34226198022196]"
29/07/2024 2:30,15,15,40,2,16,5,0.0001,0.3,merge,graph,"[6.049951834512186, 5.673217832488084, 5.387780684820016, 5.221962921236744, 5.11418661039936, 5.032795005286929, 4.966252787894785, 4.9111129741387, 4.863682180735426, 4.821094087913149, 4.783669679846012, 4.750639057730722, 4.719683785153873, 4.690877286517603, 4.66574069848363]","[5.959408939564636, 5.662296883733553, 5.464502605195281, 5.356159968521205, 5.287240205382213, 5.2354254781519955, 5.201305949642631, 5.173010049890656, 5.150768988259392, 5.134308861915603, 5.118027955180339, 5.105197898788597, 5.095950409939987, 5.083905770071559, 5.075233940162586]","[424.0926029257287, 290.969320124518, 218.717443581542, 185.29755182246097, 166.3654060433162, 153.36105919209515, 143.48819799709628, 135.7904616091122, 129.50016829776976, 124.1007937092293, 119.5422278219808, 115.65817316480263, 112.13278900841486, 108.94871713513662, 106.2442510401923]","[387.38109092193326, 287.8089476339533, 236.15836194871514, 211.90964235740674, 197.7967929350938, 187.80899797230794, 181.50912894226957, 176.44514765102718, 172.56413910460086, 169.74696073439472, 167.00570193885792, 164.87669620169063, 163.35902891322678, 161.4032303299699, 160.00962027780778]"
29/07/2024 3:16,15,3,40,2,16,5,0.001,0.1,merge,graph,"[5.246329465869832, 4.642540860707985, 4.4574474359292475, 4.348118355588907, 4.275505108543724, 4.223372730729108, 4.184259455845735, 4.153230654063044, 4.127864275557816, 4.108340990664027, 4.09172668207827, 4.077160333902524, 4.0652765310689745, 4.054171688717719, 4.045653153342468]","[5.1352951114168635, 5.06018233525889, 5.053873681523501, 5.061509943960284, 5.056855420649279, 5.059935497467055, 5.065429858608391, 5.065685313690751, 5.076319426638092, 5.079469109896018, 5.087030883297721, 5.0919068648334695, 5.105119164905621, 5.1017131905138715, 5.096208495332261]","[189.8680706295654, 103.8077738706181, 86.26702570674526, 77.33281308209797, 71.91645575324927, 68.26333029895973, 65.64486998755824, 63.639265000012095, 62.04526973075268, 60.845690222005324, 59.843132610969846, 58.97775470453684, 58.28102280793701, 57.63740150825352, 57.14850058092935]","[169.91445617232887, 157.61925325075734, 156.62801792770105, 157.82864890987403, 157.09573878120037, 157.58035166372272, 158.44853790484873, 158.48901955955117, 160.18340285882715, 160.68872522595473, 161.90842268031088, 162.69981299410674, 164.86371533021034, 164.3031489170028, 163.40119493326824]"
29/07/2024 4:03,15,9,40,2,16,5,0.001,0.3,merge,graph,"[5.316983365589024, 4.7844752014434375, 4.610647700759306, 4.516704050772103, 4.457377313656443, 4.412137510510078, 4.378714286106427, 4.353772055952541, 4.333691018742241, 4.316257655559013, 4.30202051761401, 4.290866935112781, 4.278703215717654, 4.2705128712733895, 4.261196431875278]","[5.195860958144692, 5.095505016611556, 5.064298817640021, 5.051197946524892, 5.041163228763827, 5.043860209758744, 5.045128747084295, 5.0433571234402095, 5.0404382055703225, 5.046255542298233, 5.050561878164459, 5.050796719784972, 5.051521635100869, 5.044429895089153, 5.044461250985076]","[203.7682595622548, 119.63856046209793, 100.5492543783264, 91.53341078029992, 86.2609766789229, 82.44550342366294, 79.73545049656673, 77.77126791375274, 76.2251163093711, 74.90777240442927, 73.84885597167577, 73.0297531210974, 72.14682045547536, 71.55832641957865, 70.89475347623532]","[180.5234990866288, 163.2862860923959, 158.26942742683838, 156.20948305228669, 154.64980353782926, 155.067454063448, 155.26428773594068, 154.9894613690324, 154.53771948007406, 155.4393373962956, 156.11015473566604, 156.14682020250308, 156.2600544616621, 155.15581888493324, 155.16068401091687]"
29/07/2024 4:24,15,15,40,2,64,3,0.0001,0.1,merge,graph,"[6.474166037705807, 5.904220102261675, 5.8703744476011686, 5.78580054560091, 5.664012946683525, 5.528687738805056, 5.417021641875995, 5.3304575191745025, 5.262251179760064, 5.204049937543172, 5.152299171202099, 5.106858805616533, 5.065382475536118, 5.0276820051366915, 4.993472115928957]","[6.075653234517799, 6.031661728193175, 5.972414347810565, 5.886932484608776, 5.7603470694344, 5.647276646236204, 5.556670486702109, 5.492295984951955, 5.440254758438974, 5.397940773334144, 5.362846095606966, 5.32995767323476, 5.301350360546472, 5.27739375852189, 5.25453211766369]","[648.1784457627103, 366.5812184105595, 354.3816527865461, 325.642627565612, 288.30326992843607, 251.81324935822192, 225.20737443221503, 206.53244509731576, 192.9152898306794, 182.0078717551079, 172.82839593586726, 165.15076857351158, 158.44103030419365, 152.57892530268055, 147.44749052080306]","[435.1336540201005, 416.4064090500853, 392.4520435857726, 360.29836671146063, 317.45848993853156, 283.5182928800406, 258.9591912909666, 242.81406478348612, 230.50089803027282, 220.9509593133789, 213.33124436678412, 206.42923648955934, 200.60751963567452, 195.85875437926015, 191.4318972942087]"
29/07/2024 4:45,15,15,40,2,64,3,0.0001,0.3,merge,graph,"[6.501507718412479, 5.907477147272124, 5.860228059329001, 5.793852008298541, 5.685630659474223, 5.564735451519147, 5.464833886238079, 5.386551920755463, 5.3233525995547115, 5.2733483989283725, 5.229094510199693, 5.1892602349814085, 5.151920240564949, 5.117659147495711, 5.085391459062121]","[6.077304138327545, 6.032323441415463, 5.972523914193207, 5.899687587090258, 5.7853083430596115, 5.682862366370435, 5.604655900091495, 5.540382825203662, 5.49163222222958, 5.453552564584984, 5.416104525440144, 5.387290727867271, 5.35967424050817, 5.33471768307236, 5.315425956474161]","[666.1452357164059, 367.77713646114233, 350.8041390543232, 328.2751104821096, 294.6035810160657, 261.0561325705499, 236.23660969740925, 218.44885649545193, 205.07024921906333, 195.06803573721777, 186.62374109551178, 179.3358374696168, 172.76291836818936, 166.9441203091934, 161.643203550958]","[435.85261112849344, 416.6820418616798, 392.49504549228755, 364.923443260135, 325.4823848759336, 293.78915975287697, 271.6884213869235, 254.77551528013177, 242.6529473366074, 233.586524852851, 225.0009277299504, 218.61030769750138, 212.65566056497175, 207.41418400623314, 203.45115601156786]"
29/07/2024 5:06,15,9,40,2,64,3,0.001,0.1,merge,graph,"[5.759444234603932, 5.166167228704989, 4.894283273750099, 4.737867814189983, 4.632133342674074, 4.556527720014026, 4.49678947546132, 4.447846104611717, 4.406648726224704, 4.371997095503897, 4.342641246328596, 4.3162020855599295, 4.293004606961226, 4.273197536980939, 4.253894887760685]","[5.528181485410006, 5.255363992475114, 5.1553719601541195, 5.117750685170011, 5.103353671307834, 5.091616439819336, 5.092709855313571, 5.086694366527054, 5.079556735056751, 5.0854146741471205, 5.0863826355844175, 5.089373944840341, 5.087314603013812, 5.095330639605252, 5.0899292918871035]","[317.1720066995702, 175.24188660181352, 133.52427196016225, 114.19046663569652, 102.73299518262017, 95.25216277174117, 89.72859251983974, 85.44271100293068, 81.99421747865408, 79.20164711446171, 76.9104106435547, 74.90360989524181, 73.18603374727857, 71.75069471134495, 70.37899750507664]","[251.68580030929473, 191.591210922981, 173.3602778834768, 166.95940268515048, 164.5729062825802, 162.6525677595494, 162.83051186300628, 161.85394694727967, 160.70280621824617, 161.64695615522632, 161.8034999271855, 162.28822885978653, 161.95436580920412, 163.25781520106318, 162.37838017872548]"
29/07/2024 5:27,15,14,40,2,64,3,0.001,0.3,merge,graph,"[5.79963834232928, 5.228102039567166, 4.9888316830031885, 4.85214188198656, 4.76109875060184, 4.692891078468617, 4.638845717545119, 4.59663193219993, 4.560485049385433, 4.528779222204413, 4.504781331362736, 4.485010158243093, 4.46480729386296, 4.448181864372328, 4.433097060632275]","[5.5590814788386504, 5.308051854259563, 5.206173515319824, 5.162236973924457, 5.142524775019232, 5.119754019323385, 5.115435519308414, 5.1031096269499585, 5.0947623432807205, 5.0996594114123655, 5.093109368378261, 5.090351685937845, 5.091453107797874, 5.090149395420866, 5.0969784439734696]","[330.1801261385435, 186.43861439474486, 146.76485541714058, 128.01428790994828, 116.8742710520788, 109.16833824616931, 103.4248971126175, 99.14980935794678, 95.6298537841352, 92.6453925812432, 90.44856362211871, 88.67785161955904, 86.90428093775327, 85.47140404383774, 84.19176053929824]","[259.58429311984753, 201.95640439046437, 182.39479030715856, 174.554493040005, 171.14733179966447, 167.29421341568622, 166.57331108128545, 164.53274809373184, 163.16506274267024, 163.96605282239207, 162.8955777763015, 162.44698232803194, 162.6260035563129, 162.4141241675543, 163.52705390753437]"
29/07/2024 5:53,15,15,40,2,64,5,0.0001,0.1,merge,graph,"[6.405101865345365, 5.911327173571014, 5.885854174705735, 5.828861362822831, 5.6775440651737235, 5.52586015065511, 5.403679710240071, 5.306130987314684, 5.227244920545449, 5.162145559672529, 5.105093963478085, 5.052208770261919, 5.001991045470082, 4.955987375465025, 4.913746344161792]","[6.059133069143549, 6.055036082467199, 6.02955016255832, 5.909244925350291, 5.768105294767895, 5.643502266234772, 5.549846284743045, 5.476400877586336, 5.42222447087103, 5.377477046654705, 5.340754813567767, 5.30511870402347, 5.272555923280607, 5.246659386747237, 5.223968227553277]","[604.9234162728591, 369.19581733559613, 359.91006280818357, 339.9713545790661, 292.2308479716694, 251.1022309057437, 222.22262845241744, 201.56884535280196, 186.27888277624785, 174.53853700091904, 164.85956058158817, 156.36746313726306, 148.70895082037197, 142.02276696158106, 136.14851938252235]","[428.0042259052922, 426.25428548340534, 415.5280672511369, 368.42785981841075, 319.93098311549323, 282.4502040598895, 257.19801760766785, 238.98502130089824, 226.38214330054623, 216.47542847390287, 208.6701579262054, 201.3649038193406, 194.9135103061462, 189.93072240451474, 185.66950298693587]"
29/07/2024 6:18,15,15,40,2,64,5,0.0001,0.3,merge,graph,"[6.416757367948322, 5.911263585632274, 5.885791824652803, 5.811009590018145, 5.665792436650941, 5.51904415857787, 5.400377383856476, 5.310128512731124, 5.235765343114198, 5.17484084518918, 5.1215407463303775, 5.073882871105473, 5.031498650980606, 4.9942739643079594, 4.960140091582105]","[6.058928997344391, 6.051265038464912, 6.026467424835089, 5.893155266576847, 5.751357827349761, 5.6308801310144, 5.5424938709563625, 5.471632937514737, 5.420319727618431, 5.377084158219312, 5.33942861430092, 5.3093770248355066, 5.2805098707685, 5.257163470235614, 5.236697123531153]","[612.0153524793906, 369.1723416809727, 359.8876230962825, 333.95611429526133, 288.816759444067, 249.39653968178976, 221.48998717955942, 202.3762346396727, 187.87283851827297, 176.76847848376627, 167.59338969849105, 159.7935822050505, 153.1623777311972, 147.56576846621724, 142.613773486768]","[427.91689122444035, 424.6498888431608, 414.249075613928, 362.54741530297787, 314.6175667242981, 278.9074847670803, 255.31392615459788, 237.8482671825908, 225.95135384248613, 216.3903944870377, 208.3936031396622, 202.22420847904465, 196.47002414035455, 191.93628542997877, 188.0479763324033]"
29/07/2024 6:43,15,8,40,2,64,5,0.001,0.1,merge,graph,"[5.832500596816557, 5.103618253710249, 4.782861625296377, 4.607220857116813, 4.489013262988614, 4.400043534031096, 4.330228225006047, 4.272048622357456, 4.2254466891338, 4.187098576381452, 4.15515192162641, 4.126945585221705, 4.103828920701574, 4.083306474559615, 4.065589703296345]","[5.560020194760747, 5.204928544990917, 5.123342097032206, 5.0864610708258455, 5.0764033440854615, 5.06644846006038, 5.067250421291975, 5.061498750751916, 5.067108981056358, 5.069853457207915, 5.069111260171172, 5.072959733099992, 5.077514743623625, 5.076779283951444, 5.08400272507178]","[341.21084391742534, 164.61645513837334, 119.44567019808333, 100.20527751927627, 89.03354982177984, 81.45441462680182, 75.96162093244112, 71.6683066264465, 68.40505251876077, 65.83150850526026, 63.76165058569453, 61.98829551588707, 60.57176865217898, 59.34135650992102, 58.29927766397096]","[259.8280834359489, 182.16785549794247, 167.89555624089547, 161.8161915214938, 160.19684560513863, 158.61001604259528, 158.73726614440827, 157.8268823108073, 158.71481589580523, 159.15100320197413, 159.03292562283792, 159.64613874208797, 160.3749872803103, 160.25708130759776, 161.4188799388439]"
29/07/2024 7:08,15,8,40,2,64,5,0.001,0.3,merge,graph,"[5.859625874841966, 5.18778914471689, 4.897860123076157, 4.737532642448013, 4.629069801993923, 4.5498807339666305, 4.490006245152609, 4.443937577082568, 4.406217633471514, 4.374947263011751, 4.3485564504069565, 4.326546956763096, 4.3071144732105395, 4.288721885626004, 4.2735821839355825]","[5.598734507542599, 5.269900854096213, 5.166035866102791, 5.124172232450188, 5.099493988566525, 5.093194479271486, 5.084533986936504, 5.078194756018345, 5.084733898648745, 5.084297135755589, 5.088795921195143, 5.084989987398735, 5.078434123739091, 5.08683225319866, 5.089328914540802]","[350.59295383641006, 179.07221222084712, 134.00272332645605, 114.15219963144538, 102.41875006980104, 94.62112255597339, 89.12200245742682, 85.10940760188137, 81.95887798354298, 79.43565024484305, 77.36669960898836, 75.68249990452193, 74.22599852303547, 72.8732685801895, 71.77829870611512]","[270.08440129600467, 194.39668785459972, 175.21886788350793, 168.03499015516078, 163.93893133463172, 162.90944255444185, 161.5046584174015, 160.48408134791916, 161.5369483176577, 161.4664103780576, 162.19444953211362, 161.57832141019534, 160.52250065467493, 161.87626598802427, 162.28092113676502]"
29/07/2024 12:03,15,15,40,2,16,3,0.0001,0.1,naive,modified,"[6.043592095723918, 5.685907729642846, 5.464538849466621, 5.289109219301704, 5.179401596378921, 5.094303329229155, 5.024725879290232, 4.965366372296643, 4.913094778124704, 4.867444637627107, 4.828040393798248, 4.792885151669931, 4.761813400805395, 4.732577685603131, 4.706277120821054]","[6.011694802447221, 5.828452540129776, 5.6310140451198905, 5.527300209361688, 5.453669512937517, 5.401247045110325, 5.358917570557892, 5.326017210931342, 5.299458825850446, 5.279014906302321, 5.260346717842541, 5.247079272560661, 5.237491654058802, 5.228000921242935, 5.217603869042824]","[421.40404308009903, 294.685218189025, 236.16692149158104, 198.16682358281938, 177.5765167624607, 163.0901848724588, 152.12854881073713, 143.36106417526813, 136.05983852514768, 129.98832485659491, 124.96583673135984, 120.64895754010973, 116.95782512608844, 113.5879794063316, 110.6394947596715]","[408.17450955149786, 339.8323949811794, 278.94483691435147, 251.4640933486465, 233.61384400954043, 221.68269222143374, 212.49481127945077, 205.61741040035113, 200.22842220300467, 196.17652787350204, 192.54823963538857, 190.01048836551163, 188.19744556133165, 186.4197629876127, 184.4915880180049]"
29/07/2024 12:50,15,8,40,2,16,3,0.001,0.1,naive,modified,"[5.329395538663186, 4.812184810463999, 4.645734764585726, 4.547002892405493, 4.480326519612484, 4.432292919394165, 4.393445315867363, 4.3627829018693705, 4.339011562084872, 4.318580997653031, 4.299614808830529, 4.284176441189836, 4.2719870390600985, 4.260836782164398, 4.250312986356957]","[5.315184448576216, 5.221044278588593, 5.20679833743778, 5.188856668076943, 5.187734635953371, 5.193724290570229, 5.190085009875031, 5.180824451841881, 5.196345003324918, 5.190704960508395, 5.199862309317097, 5.199449463947574, 5.196386526482158, 5.200433603599794, 5.20425419416121]","[206.31322808836626, 123.0000559762773, 104.13985595895997, 94.34920940606692, 88.26348773086553, 84.12408568645623, 80.91872985467627, 78.47521966292513, 76.63175615769205, 75.08201111491368, 73.67141065667055, 72.54277886731185, 71.66389319170672, 70.86926078313938, 70.1273578184387]","[203.40202688332008, 185.12740775152426, 182.5087902174663, 179.26347806274237, 179.0624514820037, 180.13819216269536, 179.48381017958837, 177.8293623181121, 180.61090176799598, 179.59511577981144, 181.24728409464234, 181.1724724365512, 180.61840145857363, 181.35085921491992, 182.04505186446136]"
29/07/2024 13:57,15,15,40,2,16,5,0.0001,0.1,naive,modified,"[6.031243001604251, 5.651450756950595, 5.421493198213716, 5.2395700457421786, 5.100677326337284, 4.996380965124053, 4.916001412146369, 4.84830837316499, 4.789340703519011, 4.736776906699789, 4.689478288899219, 4.648049979078421, 4.6109077464753865, 4.576947009028999, 4.54598615348176]","[6.029231904109454, 5.795917176916002, 5.61887828942255, 5.496274830332403, 5.410127152373072, 5.351332098296392, 5.311523015088889, 5.281729115538134, 5.254133947054004, 5.232927817502257, 5.21386478727071, 5.200937697387838, 5.188759712384954, 5.1774132341095696, 5.171868884380672]","[416.2320851143982, 284.70420296220533, 226.2166567443178, 188.58900032815419, 164.1330412903482, 147.87701744658293, 136.45588999028112, 127.52448344267005, 120.2220805342619, 114.06596332348025, 108.79640470654304, 104.38124138443783, 100.57540518123736, 97.21713763370245, 94.2533296430436]","[415.3958429748559, 328.9537544540907, 275.5800886973094, 243.7821089754294, 223.6600247754971, 210.88903576519297, 202.65864564167174, 196.70971528106944, 191.3556899117265, 187.34050014625083, 183.8030469420239, 181.44230010196188, 179.246098290726, 177.22378111594688, 176.2439093790501]"
29/07/2024 15:03,15,7,40,2,16,5,0.001,0.1,naive,modified,"[5.233677638778936, 4.657545367408316, 4.472437149046647, 4.3664108480159625, 4.294387684724527, 4.242728554231446, 4.203176197567078, 4.170401362563855, 4.146095409239751, 4.123210431976936, 4.104431732331696, 4.08879059431453, 4.075913007548924, 4.064780953632508, 4.054904757939096]","[5.270080944545428, 5.192213811500718, 5.173942761689272, 5.175546359366006, 5.176403770861065, 5.176751866251281, 5.170899518913061, 5.18363580833708, 5.180802458392701, 5.18300550536362, 5.188871676714701, 5.181142088501782, 5.191523301337403, 5.1875174821337, 5.189663950385593]","[187.4810247168166, 105.37710236669068, 87.56988401470768, 78.76044060397159, 73.28732575435312, 69.59749353275173, 66.89847673330284, 64.74143168044719, 63.18679940989084, 61.75719160569784, 60.608293026332305, 59.66768561149945, 58.90423605722267, 58.25214720369915, 57.679669203979934]","[194.4316999940226, 179.8663025872646, 176.60979689525982, 176.89323515497787, 177.04497048871193, 177.1066097543496, 176.0731473981768, 178.33000746715123, 177.825451280078, 178.2176409493828, 179.2661685835384, 177.88585641461432, 179.7421459479341, 179.02357160831406, 179.40825272631932]"
29/07/2024 15:20,15,15,40,2,64,3,0.0001,0.1,naive,modified,"[6.483335452534283, 5.895056905355741, 5.842964530389843, 5.768060323586034, 5.672582414437297, 5.571438141889796, 5.478130685844549, 5.386990871915849, 5.311012088056392, 5.249549175584596, 5.196581131439145, 5.150866819464642, 5.108680133636181, 5.0698356078221245, 5.033631144957399]","[6.172070558006699, 6.128447207244667, 6.052926387335803, 5.984344546859329, 5.8895587905033215, 5.808415002114064, 5.725651191698538, 5.653028923917461, 5.598855770117527, 5.555324443288751, 5.520863221303837, 5.491099854578843, 5.462097422496693, 5.437331989810273, 5.414859442292033]","[654.1491951195501, 363.23750547025685, 344.7999971037853, 319.91659576457903, 290.784491694165, 262.81178823179084, 239.39877732045224, 218.54476592273284, 202.55512830839817, 190.48037589474356, 180.65355411515026, 172.5810220881402, 165.45183638417444, 159.14816247967164, 153.48934408215976]","[479.1772439099902, 458.7233051397861, 425.3559668150323, 397.16211476107355, 361.24586410012637, 333.09075890638536, 306.6328770275611, 285.1538684609377, 270.11715441177716, 258.6108554673652, 249.8506205066492, 242.52380113676926, 235.5910404718212, 229.8281808139053, 224.7209571959898]"
29/07/2024 15:37,15,12,40,2,64,3,0.001,0.1,naive,modified,"[5.746760966985122, 5.1283288257177855, 4.882317143937816, 4.734026445194232, 4.634608075371554, 4.560192997638996, 4.502300827000851, 4.456013299051336, 4.417089843331372, 4.38264812932764, 4.353514058334771, 4.325617971527936, 4.3017720430591035, 4.279886793930793, 4.260789702269545]","[5.599517900396037, 5.380602218814798, 5.297030968440546, 5.260619017723444, 5.231222350855131, 5.224891028694205, 5.225613092248504, 5.220250753132072, 5.221577790137884, 5.2206265966634495, 5.223650863847217, 5.219756389791901, 5.224113098672919, 5.2239379455914365, 5.222413079964148]","[313.1746327257582, 168.73489687002404, 131.93602472656696, 113.7526603436699, 102.98754672851311, 95.60192899626601, 90.2244835961639, 86.14339565622848, 82.85481367999631, 80.04973502572608, 77.75120570001305, 75.6122246269523, 73.83050868956863, 72.23226241395972, 70.86592434433355]","[270.2960663834385, 217.15300968380276, 199.74288578957518, 192.6006776372162, 187.02126946760978, 185.84091809499216, 185.97515550698515, 184.98056271111807, 185.22620171316638, 185.05009952570597, 185.61058757466694, 184.8891377027177, 185.6964030841935, 185.66388063525986, 185.38098391001262]"
29/07/2024 15:57,15,15,40,2,64,5,0.0001,0.1,naive,modified,"[6.416967349823075, 5.898733881186154, 5.871052826093102, 5.782179083085622, 5.64703530273855, 5.502709464593367, 5.386995194335578, 5.300724747004332, 5.230978824072816, 5.169902274102876, 5.1160428293224935, 5.066115684982903, 5.01875014758672, 4.9746574014927, 4.933698357556404]","[6.156657932566947, 6.161454517014173, 6.117106385782463, 5.98217393427479, 5.854899206940009, 5.740720182859978, 5.66224293806115, 5.6014626723568455, 5.5551111479194795, 5.515447804716979, 5.480051152560176, 5.4454447079677974, 5.414250737955781, 5.387973067711811, 5.363095412448961]","[612.1438781040354, 364.5755795239681, 354.6221392389282, 324.46545782110235, 283.44987583992395, 245.35581536871425, 218.54571056698225, 200.48205610466945, 186.97573032485724, 175.8976468887516, 166.67450344564145, 158.55724336342124, 151.22218022350302, 144.699242910637, 138.89223678983257]","[471.8484872983235, 474.11718506445465, 453.55039400881174, 396.30096462644434, 348.93972757854937, 311.2885149267549, 287.7934220055234, 270.8222420744838, 258.55570085177175, 248.50123235935925, 239.85897646118207, 231.70029577206626, 224.58421019836535, 218.75952512357878, 213.38443806969588]"
29/07/2024 16:18,15,6,40,2,64,5,0.001,0.1,naive,modified,"[5.764090148286788, 5.071385914027089, 4.779102433811534, 4.609269957951825, 4.491363759594734, 4.403894448420817, 4.33557801395153, 4.280184589050434, 4.233673003486511, 4.196067684828633, 4.162598502154302, 4.134076244802989, 4.109123173486504, 4.086796875152523, 4.067245644050014]","[5.589571141872276, 5.337521018625116, 5.257924645125461, 5.217476534194687, 5.205552127085576, 5.1929230308857095, 5.1939439643807965, 5.193673782608136, 5.198385356234855, 5.19667679679637, 5.2024324653910945, 5.201462676735963, 5.209966951487016, 5.208961709826982, 5.217644445750178]","[318.64898877426884, 159.39508221461625, 118.99749396968829, 100.41081875255085, 89.24306901908466, 81.7686933460316, 76.36908853340212, 72.25377603235351, 68.97009490577247, 66.42461428328446, 64.23822908922462, 62.431892639670686, 60.893301293572456, 59.548843511594725, 58.39589779028778]","[267.6208237344056, 207.99645132642223, 192.08243812772366, 184.46809730528705, 182.28148753662353, 179.99391250213003, 180.17776815254163, 180.12909397948144, 180.97978794800608, 180.67083722862313, 181.71371704873908, 181.53757856981738, 183.0880073073456, 182.90405209016225, 184.49907423106313]"
29/07/2024 17:25,15,15,40,2,16,3,0.0001,0.1,merge,modified,"[6.041889533599882, 5.687761015517257, 5.443955919016963, 5.2650018719376925, 5.148116302854042, 5.060676403368596, 4.991736104406641, 4.936896267368842, 4.889201755457897, 4.847823970493265, 4.811862355440756, 4.77823992728888, 4.747642592841566, 4.720174196970503, 4.696281675635572]","[6.015876402911398, 5.820453195200757, 5.6179608584660565, 5.498952687694336, 5.423767761732318, 5.374632754906785, 5.33490698833756, 5.306088093170256, 5.286903119329269, 5.268419682071899, 5.253818848209736, 5.238027952850975, 5.22842821110727, 5.218203667658436, 5.212142870712603]","[420.6871869366579, 295.2318605270929, 231.35559958542078, 193.44667090719756, 172.10698733929075, 157.69714713812255, 147.19174203371247, 139.33711259395236, 132.8474869338077, 127.46272520131629, 122.96040038428451, 118.89490210439637, 115.31212622744313, 112.1877937395589, 109.53911232210763]","[409.88490587483267, 337.1248023574465, 275.3273789325508, 244.43579754239852, 226.73178652466015, 215.86058401208902, 207.4534523200748, 201.5601994150687, 197.73012963114448, 194.10896605427294, 191.29540345358674, 188.29840269325038, 186.4994352832191, 184.60227900992354, 183.4868257634386]"
29/07/2024 17:54,15,9,40,2,16,3,0.001,0.1,merge,modified,"[5.327259324167086, 4.78497374770434, 4.615910100622918, 4.519641768374172, 4.456091457510673, 4.409436045058794, 4.374919596224724, 4.345914347639251, 4.32222878080746, 4.3024963062493295, 4.2868305016869686, 4.27298578305986, 4.262087044882335, 4.251681968843857, 4.24210000023196]","[5.300272253765875, 5.209513708621314, 5.196642048871255, 5.1832875094034545, 5.194207968849014, 5.173957406163417, 5.184403516919479, 5.186071246005153, 5.173313161039917, 5.1908333047392405, 5.177596261053521, 5.182458380353834, 5.17555943902979, 5.1911143122994154, 5.1885199185757065]","[205.8729691909296, 119.69822068953204, 101.07977945408426, 91.80270545450708, 86.15012875443585, 82.22308031399213, 79.43345254602715, 77.1625586372904, 75.35639415091528, 73.88400077816522, 72.73556751425436, 71.73550282892674, 70.95792139072118, 70.22342668643998, 69.55376149525085]","[200.39135985111832, 183.00504277719892, 180.664559400972, 178.2679061312594, 180.22534216800733, 176.6123832718023, 178.4669655095888, 178.76484838372545, 176.49863824890195, 179.6181672560402, 177.25622081157871, 178.12016029031938, 176.89554887415068, 179.66864841144488, 179.20312133903357]"
29/07/2024 18:31,15,15,40,2,16,5,0.0001,0.1,merge,modified,"[6.037103842896077, 5.671113590018871, 5.380761534709525, 5.187258858952716, 5.056482626272237, 4.958657282499282, 4.880684968923875, 4.815695297339168, 4.760041914370606, 4.711865305097649, 4.66949547551552, 4.631661049944806, 4.5979240775434524, 4.56707750825073, 4.538818638291115]","[6.037995696677057, 5.771744146663854, 5.56481726206141, 5.452483871117158, 5.376940400677604, 5.322239028128083, 5.285997162888769, 5.25627961049088, 5.235249637745105, 5.217492411855538, 5.202854426390471, 5.191110087415835, 5.180163935461483, 5.17210383634551, 5.1642862148138695]","[418.67871796586775, 290.35769385454205, 217.18760836582007, 178.97727794931834, 157.03718528801014, 142.40246119471735, 131.72085768646988, 123.4326048427762, 116.7508193335467, 111.2594993812491, 106.64392438635747, 102.68448659196855, 99.27800813030602, 96.26237229684305, 93.58018274816638]","[419.0522847222023, 321.09728529348445, 261.07749058795997, 233.33702580231747, 216.35928897175677, 204.8420159496899, 197.55107586642663, 191.7667156227358, 187.77597646502954, 184.4710262504262, 181.7904093298232, 179.66788933392576, 177.71194189471083, 176.28532309677618, 174.91256400609927]"
29/07/2024 19:26,15,10,40,2,16,5,0.001,0.1,merge,modified,"[5.2381730173994585, 4.645086358482274, 4.4594627607749455, 4.356107834539171, 4.286839640409012, 4.2365376167461966, 4.1982274629572425, 4.169574406718586, 4.143976393485667, 4.126449458575505, 4.109194384828615, 4.094074058924141, 4.082244739234385, 4.069620271829073, 4.059936350080948]","[5.267890221621759, 5.192721075053109, 5.174729670942134, 5.177092484964829, 5.1735375226051685, 5.176421875035743, 5.179438754078476, 5.176012568620036, 5.179822294025649, 5.171767048981974, 5.181381664852877, 5.1748811140580315, 5.172314438746776, 5.178373178387825, 5.178746258786021]","[188.32572009736285, 104.07235292779728, 86.44105709300199, 77.95313669591667, 72.73623222742582, 69.16795080918293, 66.56823174751688, 64.68791550589438, 63.05304734790244, 61.957549098418255, 60.897637741683454, 59.98377199708553, 59.27838513085173, 58.53473108482418, 57.97062113618553]","[194.00622023605334, 179.9575653520507, 176.7488274736328, 177.16694585514418, 176.53824220228066, 177.04817577079785, 177.58311521990967, 176.975723645137, 177.6512385017047, 176.2259624241036, 177.92847876445512, 176.77559689376767, 176.32245311882693, 177.39398775197276, 177.46018231874075]"
29/07/2024 19:57,15,15,40,2,64,3,0.0001,0.1,merge,modified,"[6.48775268797093, 5.893358516055206, 5.835898386395496, 5.764034412178307, 5.6481331224026885, 5.530904380174784, 5.432439561671637, 5.34627776739988, 5.27160990457471, 5.209271432165318, 5.155667185185346, 5.108714668447756, 5.066497987130015, 5.02910961474862, 4.994250372700069]","[6.164173213211265, 6.126716985895827, 6.047153389131701, 5.970105393512829, 5.8592443417858435, 5.763586601695499, 5.684474229812622, 5.616903392849742, 5.563637616666588, 5.520448018570204, 5.48338579567703, 5.454168888362679, 5.42650610369605, 5.404609478808738, 5.385293830085445]","[657.0451174015889, 362.62111036500625, 342.372178434972, 318.63122901459786, 283.76122355797247, 252.37204812362054, 228.70650904165686, 209.82582197656728, 194.72920567092606, 182.96071033457588, 173.41146573252385, 165.45755033083316, 158.61787172643747, 152.796904000241, 147.5622871935341]","[475.4079194147325, 457.9302985203472, 422.9074619896947, 391.5469350822792, 350.45921654949797, 318.4885745535605, 294.26308961169025, 275.03638358200516, 260.7696933100103, 249.7469033793224, 240.66015562693383, 233.73053415588709, 227.35350654272202, 222.42934014972732, 218.17420083430815]"
29/07/2024 20:29,15,12,40,2,64,3,0.001,0.1,merge,modified,"[5.780104624985851, 5.1670158575211085, 4.899901931700499, 4.741635711695438, 4.636446386675372, 4.561297142286365, 4.500779516222485, 4.454304423419927, 4.415530355080314, 4.3819098645030055, 4.35378184794981, 4.330473025805974, 4.307624109911679, 4.288423084096366, 4.271972530761292]","[5.641580159599717, 5.387848344203588, 5.290536820083051, 5.253260047854604, 5.232021120754448, 5.216430573850064, 5.21086860589079, 5.203395872502713, 5.204629916597057, 5.204357170575374, 5.2050977558703035, 5.201563813396402, 5.2059012820591795, 5.205454674121496, 5.205987066835971]","[323.79306549001797, 175.3906650364796, 134.27661076033897, 114.62153621307965, 103.1770440239613, 95.70754565174767, 90.08732847103413, 85.99631301534838, 82.72570327076834, 79.9906589317196, 77.77202945352424, 75.98021867428731, 74.26383645704254, 72.8514971888925, 71.6628534780729]","[281.90782606974443, 218.73224236958401, 198.4499287274844, 191.18853737538376, 187.170716106985, 184.27525186258214, 183.2531638612904, 181.8888656921998, 182.1134631257997, 182.06379917636752, 182.19868288905866, 181.5559396027293, 182.34514313678082, 182.26372453090906, 182.3607862451445]"
29/07/2024 21:03,15,15,40,2,64,5,0.0001,0.1,merge,modified,"[6.4310757120450335, 5.89801594645086, 5.87172526442242, 5.80583932724866, 5.660359982488934, 5.504740902069041, 5.377391603057232, 5.284206412055275, 5.210281179007456, 5.146548423903559, 5.0881074574659975, 5.036280055238743, 4.989746375316723, 4.94776236127924, 4.909235271741244]","[6.152633679967348, 6.158795236730251, 6.124432325363159, 6.000111265247371, 5.853413885142527, 5.7234165019729515, 5.63328505859894, 5.572728828508026, 5.523828424564024, 5.480867817288353, 5.443707087412983, 5.413840621507087, 5.388178849706844, 5.366225599431667, 5.345374807208573]","[620.8414355464306, 364.3139319859542, 354.8606809510837, 332.2339293416499, 287.2520296467504, 245.85474696952465, 216.45693282470822, 197.19762767593488, 183.14554763780836, 171.83735584661622, 162.08282296637205, 153.89646255587797, 146.8991615173023, 140.8594185257641, 135.53572676675395]","[469.9534653775693, 472.8580495211333, 456.88527745435323, 403.4736835945476, 348.4218245167386, 305.94841275522106, 279.5790442730481, 263.1512148895773, 250.5925778646898, 240.05494083469927, 231.29803816233394, 224.49212340409133, 218.80454652722952, 214.0534177295395, 209.63644312586314]"
29/07/2024 21:36,15,7,40,2,64,5,0.001,0.1,merge,modified,"[5.813934944294117, 5.126529893489799, 4.81183239988205, 4.629586500551564, 4.506634245215843, 4.420817019261094, 4.355472625004322, 4.302649768113287, 4.2599491959669775, 4.223628859829019, 4.193310062090556, 4.1660252700149005, 4.142236923328554, 4.12134810730263, 4.103221428815765]","[5.648234792307121, 5.359456994906575, 5.261921608529123, 5.21701810960056, 5.206327996286405, 5.1968034838332615, 5.183862882406533, 5.194297108520456, 5.191099687498443, 5.18611559494823, 5.196403513149339, 5.199038595569377, 5.201916144007728, 5.2117362160260985, 5.20208921805531]","[334.93448458434005, 168.431627088736, 122.95671709196016, 102.47168336433833, 90.61631238265474, 83.1642043657974, 77.90363584358715, 73.89534002469, 70.80638611291934, 68.2808167636068, 66.24169258700209, 64.45873618562511, 62.94346379002115, 61.64228669229236, 60.53498296884705]","[283.7900750010901, 212.60946707590753, 192.8517209769507, 184.38355197296093, 182.42296900714499, 180.69372733155333, 178.37050618558283, 180.24140811183963, 179.66602081243505, 178.7727765916131, 180.6214695893046, 181.09804968665142, 181.6199185881351, 183.4122251552015, 181.65135500290188]"
